Afghanistan;Iran;Asie Centrale;Pakistan
Afrique Centrale;Afrique de l'Ouest;Libye;Soudan;Afrique de l'Est;Angola
Afrique de l'Est;Afrique du Sud;Zimbabwe;Botswana;Angola;Afrique Centrale;Soudan
Afrique du Sud;Angola;Botswana;Zimbabwe;Afrique de l'Est
Afrique de l'Ouest;Maroc;Algérie;Libye;Afrique Centrale
Algérie;Libye;Afrique de l'Ouest;Maroc
Allemagne;Pologne;Europe Centrale;France
Amérique Centrale;Mexique;Colombie
Angola;Afrique Centrale;Afrique de l'Est;Botswana;Afrique du Sud
Arabie Saoudite;Egypte;Moyen Orient;Irak
Argentine;Pérou;Bolivie;Brésil
Asie Centrale;Kazakhstan;Chine;Pakistan;Afghanistan;Iran
Asie du Sud Est;Inde;Chine
Australie
Balkans;Italie;Europe Centrale;Turquie
Baltiques;Russie;Ukraine;Pologne
Bolivie;Pérou;Brésil;Argentine
Botswana;Angola;Afrique de l'Est;Zimbabwe;Afrique du Sud
Brésil;Argentine;Bolivie;Pérou;Colombie
Canada;Etats-Unis
Caraïbes
Chine;Asie du Sud Est;Inde;Pakistan;Asie Centrale;Kazakhstan;Russie;Corée
Colombie;Amérique Centrale;Brésil;Pérou
Corée;Chine
Egypte;Moyen Orient;Arabie Saoudite;Soudan;Libye
Europe Centrale;Allemagne;Pologne;Ukraine;Balkans;Italie;France
Espagne;France
Etats-Unis;Canada;Mexique
Finlande;Suède;Norvège;Russie
France;Espagne;Allemagne;Europe Centrale;Italie
Groenland
Islande
Inde;Pakistan;Chine;Asie du Sud Est
Indonésie
Iran;Irak;Russie;Asie Centrale;Afghanistan;Pakistan
Irak;Moyen Orient;Turquie;Iran;Arabie Saoudite
Italie;France;Europe Centrale;Balkans
Japon
Kazakhstan;Russie;Chine;Asie Centrale
Libye;Egypte;Soudan;Afrique Centrale;Afrique de l'Ouest;Algérie
Madagascar
Maroc;Algérie;Afrique de l'Ouest
Mexique;Etats-Unis;Amérique Centrale
Moyen Orient;Turquie;Irak;Arabie Saoudite;Egypte
Norvège;Suède;Finlande;Russie
Nouvelle Guinée
Nouvelle Zélande
Pakistan;Iran;Afghanistan;Asie Centrale;Chine;Inde
Pérou;Colombie;Brésil;Bolivie;Argentine
Philippines
Pologne;Baltiques;Ukraine;Europe Centrale;Allemagne
Russie;Chine;Kazakhstan;Iran;Turquie;Ukraine;Baltiques;Finlande;Norvège
Soudan;Afrique de l'Est;Afrique Centrale;Libye;Egypte
Suède;Norvège;Finlande
Turquie;Balkans;Russie;Iran;Irak;Moyen Orient
Royaume-Uni
Ukraine;Europe Centrale;Pologne;Baltiques;Russie
Zimbabwe;Afrique du Sud;Botswana;Afrique de l'Est
